<?xml version="1.0" encoding="utf-8"?>

<instance xmlns="http://www.exelearning.org/content/v0.3" reference="1" version="0.3" xmlns:xsi="http://www.w3.org/2001/XMLSchema-instance" xsi:schemalocation="http://www.exelearning.org/content/v0.3 content.xsd" class="exe.engine.package.Package">
 <dictionary>
  <string role="key" value="_title"></string>
  <unicode value="Concepto de planificación urbana utilizando la plataforma Colouring Bogota"></unicode>
  <string role="key" value="idevices"></string>
  <list></list>
  <string role="key" value="_addPagination"></string>
  <bool value="0"></bool>
  <string role="key" value="_addSearchBox"></string>
  <bool value="0"></bool>
  <string role="key" value="_author"></string>
  <unicode value="Ebliss Segovia"></unicode>
  <string role="key" value="_backgroundImg"></string>
  <unicode value=""></unicode>
  <string role="key" value="_contextMode"></string>
  <unicode value="presencial"></unicode>
  <string role="key" value="_contextPlace"></string>
  <unicode value="classroom"></unicode>
  <string role="key" value="_description"></string>
  <unicode value="En este REA se abordará el concepto de planificación urbana utilizando la plataforma Colouring Bogotá. Está dirigido a estudiantes y profesionales en Ingeniería Catastral y Geodesta, así como a personas interesadas en el campo de Ordenamiento Territorial y Planificación Urbana."></unicode>
  <string role="key" value="_docType"></string>
  <unicode value="HTML5"></unicode>
  <string role="key" value="_exportElp"></string>
  <bool value="0"></bool>
  <string role="key" value="_extraHeadContent"></string>
  <unicode value=""></unicode>
  <string role="key" value="_fieldValidationInfo"></string>
  <dictionary>
   <unicode role="key" value="all"></unicode>
   <dictionary>
    <unicode role="key" value="mandatory_fields"></unicode>
    <list>
     <unicode value="pp_title"></unicode>
     <unicode value="pp_lang"></unicode>
     <unicode value="pp_description"></unicode>
     <unicode value="pp_author"></unicode>
     <unicode value="pp_newlicense"></unicode>
    </list>
   </dictionary>
   <unicode role="key" value="procomun"></unicode>
   <dictionary>
    <unicode role="key" value="mandatory_fields"></unicode>
    <list>
     <unicode value="pp_learningResourceType"></unicode>
    </list>
    <unicode role="key" value="values_from_list"></unicode>
    <dictionary>
     <unicode role="key" value="pp_learningResourceType"></unicode>
     <list>
      <unicode value="master class"></unicode>
      <unicode value="closed exercise or problem"></unicode>
      <unicode value="real project"></unicode>
      <unicode value="didactic game"></unicode>
      <unicode value="webquest"></unicode>
      <unicode value="open problem"></unicode>
      <unicode value="simulation"></unicode>
      <unicode value="questionnaire"></unicode>
      <unicode value="conceptual map"></unicode>
     </list>
    </dictionary>
   </dictionary>
  </dictionary>
  <string role="key" value="_intendedEndUserRoleGroup"></string>
  <bool value="0"></bool>
  <string role="key" value="_intendedEndUserRoleTutor"></string>
  <bool value="0"></bool>
  <string role="key" value="_intendedEndUserRoleType"></string>
  <unicode value="learner"></unicode>
  <string role="key" value="_isChanged"></string>
  <bool value="0"></bool>
  <string role="key" value="_isTemplate"></string>
  <bool value="0"></bool>
  <string role="key" value="_lang"></string>
  <unicode value="es"></unicode>
  <string role="key" value="_learningResourceType"></string>
  <unicode value=""></unicode>
  <string role="key" value="_levelNames"></string>
  <list>
   <unicode value="Tema"></unicode>
   <unicode value="Sección"></unicode>
   <unicode value="Unidad"></unicode>
  </list>
  <string role="key" value="_name"></string>
  <unicode value="Desafo_Ldico_"></unicode>
  <string role="key" value="_nextIdeviceId"></string>
  <int value="28"></int>
  <string role="key" value="_nextNodeId"></string>
  <int value="11"></int>
  <string role="key" value="_nodeIdDict"></string>
  <dictionary>
   <unicode role="key" value="0"></unicode>
   <instance class="exe.engine.node.Node" reference="11">
    <dictionary>
     <string role="key" value="_title"></string>
     <unicode value="Desafío Lúdico "></unicode>
     <string role="key" value="idevices"></string>
     <list></list>
     <string role="key" value="_id"></string>
     <unicode value="0"></unicode>
     <string role="key" value="_package"></string>
     <reference key="1"></reference>
     <string role="key" value="anchor_fields"></string>
     <list></list>
     <string role="key" value="exe.engine.node.Node.persistenceVersion"></string>
     <int value="2"></int>
     <string role="key" value="exportType"></string>
     <string value="singlepage"></string>
     <string role="key" value="last_full_node_path"></string>
     <string value="exe-node:Desaf%C3%ADo%20L%C3%BAdico%20"></string>
     <string role="key" value="parent"></string>
     <none></none>
     <string role="key" value="top_anchors_linked_from_fields"></string>
     <list></list>
     <string role="key" value="children"></string>
     <list>
      <instance class="exe.engine.node.Node" reference="4">
       <dictionary>
        <string role="key" value="_title"></string>
        <unicode value="Desafío Lúdico "></unicode>
        <string role="key" value="idevices"></string>
        <list>
         <instance class="exe.engine.jsidevice.JsIdevice" reference="2">
          <dictionary>
           <string role="key" value="_title"></string>
           <unicode value="Trivial sobre Planificación Urbana"></unicode>
           <string role="key" value="_attributes"></string>
           <list>
            <tuple>
             <string value="title"></string>
             <list>
              <string value="Title"></string>
              <int value="0"></int>
              <int value="0"></int>
             </list>
            </tuple>
            <tuple>
             <string value="category"></string>
             <list>
              <string value="Category"></string>
              <int value="0"></int>
              <int value="1"></int>
             </list>
            </tuple>
            <tuple>
             <string value="css-class"></string>
             <list>
              <string value="CSS class"></string>
              <int value="0"></int>
              <int value="2"></int>
             </list>
            </tuple>
            <tuple>
             <string value="icon"></string>
             <list>
              <string value="Icon"></string>
              <int value="0"></int>
              <int value="3"></int>
             </list>
            </tuple>
           </list>
           <string role="key" value="_author"></string>
           <string value=""></string>
           <string role="key" value="_iDeviceDir"></string>
           <string value="trivial-activity"></string>
           <string role="key" value="_purpose"></string>
           <string value=""></string>
           <string role="key" value="_tip"></string>
           <string value=""></string>
           <string role="key" value="_typeName"></string>
           <unicode value="TriviExt"></unicode>
           <string role="key" value="_valid"></string>
           <bool value="1"></bool>
           <string role="key" value="class_"></string>
           <unicode value="trivial"></unicode>
           <string role="key" value="edit"></string>
           <bool value="0"></bool>
           <string role="key" value="emphasis"></string>
           <int value="1"></int>
           <string role="key" value="exe.engine.jsidevice.JsIdevice.persistenceVersion"></string>
           <int value="1"></int>
           <string role="key" value="fields"></string>
           <list>
            <instance class="exe.engine.field.TextAreaField" reference="3">
             <dictionary>
              <string role="key" value="_id"></string>
              <unicode value="129_2"></unicode>
              <string role="key" value="_idevice"></string>
              <reference key="2"></reference>
              <string role="key" value="_instruc"></string>
              <string value=""></string>
              <string role="key" value="_name"></string>
              <string value=""></string>
              <string role="key" value="anchor_names"></string>
              <list></list>
              <string role="key" value="anchors_linked_from_fields"></string>
              <dictionary></dictionary>
              <string role="key" value="content_w_resourcePaths"></string>
              <unicode content="true" value="&lt;div class=&quot;trivial-IDevice&quot;&gt;&lt;div class=&quot;trivial-instructions&quot;&gt;&lt;p&gt;Lanza el dado y contesta a la pregunta hasta completar todos los cuadros&lt;/p&gt;&lt;/div&gt;&lt;div class=&quot;trivial-DataGame js-hidden&quot;&gt;{&quot;asignatura&quot;:&quot;&quot;,&quot;author&quot;:&quot;&quot;,&quot;authorVideo&quot;:&quot;&quot;,&quot;typeGame&quot;:&quot;Trivial&quot;,&quot;endVideo&quot;:0,&quot;idVideo&quot;:&quot;&quot;,&quot;startVideo&quot;:&quot;&quot;,&quot;instructionsExe&quot;:&quot;%3Cp%3ELanza%20el%20dado%20y%20contesta%20a%20la%20pregunta%20hasta%20completar%20todos%20los%20cuadros%3C/p%3E&quot;,&quot;instructions&quot;:&quot;Lanza el dado y contesta a la pregunta hasta completar todos los quesos. &quot;,&quot;showMinimize&quot;:true,&quot;optionsRamdon&quot;:true,&quot;answersRamdon&quot;:true,&quot;showSolution&quot;:true,&quot;timeShowSolution&quot;:5,&quot;useLives&quot;:false,&quot;numberLives&quot;:3,&quot;itinerary&quot;:{&quot;showClue&quot;:false,&quot;clueGame&quot;:&quot;&quot;,&quot;percentageClue&quot;:100,&quot;showCodeAccess&quot;:false,&quot;codeAccess&quot;:&quot;&quot;,&quot;messageCodeAccess&quot;:&quot;&quot;},&quot;numeroTemas&quot;:2,&quot;nombresTemas&quot;:[&quot;Concepto de Planificación Urbana&quot;,&quot;Uso del Suelo utilizando Planificación Urbana&quot;,&quot;Tema 3&quot;,&quot;Tema 4&quot;,&quot;Tema 5&quot;,&quot;Tema 6&quot;],&quot;temas&quot;:[[{&quot;a&quot;:&quot;&quot;,&quot;b&quot;:0,&quot;c&quot;:0,&quot;d&quot;:0,&quot;f&quot;:0,&quot;g&quot;:35,&quot;h&quot;:&quot;&quot;,&quot;i&quot;:1,&quot;j&quot;:1,&quot;m&quot;:0,&quot;n&quot;:4,&quot;o&quot;:[&quot;Promover la industrialización de áreas urbanas&quot;,&quot;Mejorar la calidad de vida de los ciudadanos y fomentar un entorno urbano sostenible.&quot;,&quot;Reducir la densidad poblacional en áreas urbanas.&quot;,&quot;Reducir la densidad poblacional en áreas urbanas.&quot;],&quot;p&quot;:1,&quot;q&quot;:&quot;¿Cuál es el objetivo principal de la planificación urbana?&quot;,&quot;r&quot;:&quot;&quot;,&quot;s&quot;:&quot;NThC&quot;,&quot;t&quot;:&quot;&quot;,&quot;u&quot;:&quot;resources/Rompecabeza.PNG&quot;,&quot;x&quot;:0,&quot;y&quot;:0,&quot;z&quot;:0,&quot;ad&quot;:&quot;&quot;},{&quot;a&quot;:&quot;&quot;,&quot;b&quot;:0,&quot;c&quot;:0,&quot;d&quot;:0,&quot;f&quot;:0,&quot;g&quot;:35,&quot;h&quot;:&quot;&quot;,&quot;i&quot;:1,&quot;j&quot;:1,&quot;m&quot;:0,&quot;n&quot;:4,&quot;o&quot;:[&quot;Agricultura y ganadería&quot;,&quot;Cultura&quot;,&quot;Comercio y finanzas&quot;,&quot;Transporte, vivienda, y medio ambiente&quot;],&quot;p&quot;:1,&quot;q&quot;:&quot;¿Qué elementos urbanos están involucrados en el proceso de planificación urbana ?&quot;,&quot;r&quot;:&quot;&quot;,&quot;s&quot;:&quot;ODFE&quot;,&quot;t&quot;:&quot;&quot;,&quot;u&quot;:&quot;resources/stadtplanung.jpg&quot;,&quot;x&quot;:0,&quot;y&quot;:0,&quot;z&quot;:0,&quot;ad&quot;:&quot;resources/piezas_completas.png&quot;},{&quot;a&quot;:&quot;&quot;,&quot;b&quot;:0,&quot;c&quot;:0,&quot;d&quot;:0,&quot;f&quot;:0,&quot;g&quot;:35,&quot;h&quot;:&quot;&quot;,&quot;i&quot;:1,&quot;j&quot;:1,&quot;m&quot;:0,&quot;n&quot;:4,&quot;o&quot;:[&quot;Por parte del estado, integrando a los demás sectores&quot;,&quot;Solo el estado&quot;,&quot;Solo la comunidad&quot;,&quot;Solo los entes gubernamentales&quot;],&quot;p&quot;:2,&quot;q&quot;:&quot;¿Cómo se inicia el proceso de Planificación Territorial?&quot;,&quot;r&quot;:&quot;&quot;,&quot;s&quot;:&quot;NTZB&quot;,&quot;t&quot;:&quot;&quot;,&quot;u&quot;:&quot;https://www.youtube.com/watch?v=obtDlUq3c7s&quot;,&quot;x&quot;:0,&quot;y&quot;:0,&quot;z&quot;:4440,&quot;ad&quot;:&quot;resources/piezas_completas.png&quot;},{&quot;a&quot;:&quot;&quot;,&quot;b&quot;:0,&quot;c&quot;:0,&quot;d&quot;:0,&quot;f&quot;:1,&quot;g&quot;:35,&quot;h&quot;:&quot;&quot;,&quot;i&quot;:1,&quot;j&quot;:1,&quot;m&quot;:0,&quot;n&quot;:4,&quot;o&quot;:[&quot;Proporcionar información detallada sobre las características físicas, químicas y biológicas del suelo en un área específica&quot;,&quot;Establece el diseño de las calles y carreteras del áre&quot;,&quot;Determina la calidad del agua subterránea en el terreno.&quot;,&quot;Identifica las especies de animales presentes en la zona.&quot;],&quot;p&quot;:2,&quot;q&quot;:&quot;¿Qué papel desempeña el estudio de suelos en la planificación territorial?&quot;,&quot;r&quot;:&quot;&quot;,&quot;s&quot;:&quot;NzRB&quot;,&quot;t&quot;:&quot;&quot;,&quot;u&quot;:&quot;https://www.youtube.com/watch?v=obtDlUq3c7s&quot;,&quot;x&quot;:0,&quot;y&quot;:0,&quot;z&quot;:6600,&quot;ad&quot;:&quot;resources/piezas_completas.png&quot;}],[{&quot;a&quot;:&quot;&quot;,&quot;b&quot;:0,&quot;c&quot;:0,&quot;d&quot;:0,&quot;f&quot;:0,&quot;g&quot;:35,&quot;h&quot;:&quot;&quot;,&quot;i&quot;:1,&quot;j&quot;:1,&quot;m&quot;:0,&quot;n&quot;:4,&quot;o&quot;:[&quot;Espacios para actividades deportivas extremas.&quot;,&quot;Zonas de estacionamiento exclusivo.&quot;,&quot;Flora y fauna local.&quot;,&quot;Vivienda, comercio, industria, recreación, transporte.&quot;],&quot;p&quot;:1,&quot;q&quot;:&quot;¿Cuáles son algunas de las áreas en las que se enfoca el concepto de uso del suelo en planificación urbana?&quot;,&quot;r&quot;:&quot;&quot;,&quot;s&quot;:&quot;MTA3RA==&quot;,&quot;t&quot;:&quot;&quot;,&quot;u&quot;:&quot;resources/Capas_de_colouring.png&quot;,&quot;x&quot;:0,&quot;y&quot;:0,&quot;z&quot;:0,&quot;ad&quot;:&quot;&quot;},{&quot;a&quot;:&quot;&quot;,&quot;b&quot;:0,&quot;c&quot;:0,&quot;d&quot;:0,&quot;f&quot;:0,&quot;g&quot;:35,&quot;h&quot;:&quot;&quot;,&quot;i&quot;:1,&quot;j&quot;:1,&quot;m&quot;:0,&quot;n&quot;:4,&quot;o&quot;:[&quot;La conservación de áreas naturales dentro de la ciudad.&quot;,&quot;La distribución geográfica espacial planificada de la ocupación del suelo para fines urbanos.&quot;,&quot;La promoción de actividades agrícolas en zonas urbanas.&quot;,&quot;La delimitación de áreas para actividades industriales exclusivamente.&quot;],&quot;p&quot;:1,&quot;q&quot;:&quot;¿Cómo define Corral y Becker (1997) el uso del suelo en planificación urbana?&quot;,&quot;r&quot;:&quot;&quot;,&quot;s&quot;:&quot;NzdC&quot;,&quot;t&quot;:&quot;&quot;,&quot;u&quot;:&quot;resources/Capas_de_colouring.png&quot;,&quot;x&quot;:0,&quot;y&quot;:0,&quot;z&quot;:0,&quot;ad&quot;:&quot;&quot;},{&quot;a&quot;:&quot;&quot;,&quot;b&quot;:0,&quot;c&quot;:0,&quot;d&quot;:0,&quot;f&quot;:0,&quot;g&quot;:35,&quot;h&quot;:&quot;&quot;,&quot;i&quot;:1,&quot;j&quot;:1,&quot;m&quot;:0,&quot;n&quot;:4,&quot;o&quot;:[&quot;La demolición de edificaciones antiguas para nuevas construcciones.&quot;,&quot;La construcción de vías de acceso exclusivamente para vehículos de emergencia.&quot;,&quot;La promoción de la agricultura en zonas urbanas.&quot;,&quot;La división en áreas con diferentes tipos de usos y la establecimiento de normativas y regulaciones.&quot;],&quot;p&quot;:1,&quot;q&quot;:&quot;¿Qué implica la planificación urbana en relación con la división del territorio?&quot;,&quot;r&quot;:&quot;&quot;,&quot;s&quot;:&quot;ODBE&quot;,&quot;t&quot;:&quot;&quot;,&quot;u&quot;:&quot;resources/Capas_de_colouring.png&quot;,&quot;x&quot;:0,&quot;y&quot;:0,&quot;z&quot;:0,&quot;ad&quot;:&quot;&quot;}]],&quot;isScorm&quot;:0,&quot;textButtonScorm&quot;:&quot;Guardar la puntuación&quot;,&quot;repeatActivity&quot;:false,&quot;title&quot;:&quot;&quot;,&quot;customScore&quot;:false,&quot;textAfter&quot;:&quot;&quot;,&quot;msgs&quot;:{&quot;msgStartGame&quot;:&quot;Pulse aquí para empezar&quot;,&quot;msgSubmit&quot;:&quot;Enviar&quot;,&quot;msgEnterCode&quot;:&quot;Introduzca el código de acceso&quot;,&quot;msgErrorCode&quot;:&quot;El código de acceso no es correcto&quot;,&quot;msgGameOver&quot;:&quot;¡Fin de la partida!&quot;,&quot;msgClue&quot;:&quot;¡Genial! La pista es:&quot;,&quot;msgNewGame&quot;:&quot;Pulse aquí para empezar otra partida&quot;,&quot;msgCodeAccess&quot;:&quot;Código de acceso&quot;,&quot;msgPlayStart&quot;:&quot;Pulse aquí para jugar&quot;,&quot;msgMinimize&quot;:&quot;Minimizar&quot;,&quot;msgMaximize&quot;:&quot;Maximizar&quot;,&quot;msgTime&quot;:&quot;Tiempo por pregunta&quot;,&quot;msgFullScreen&quot;:&quot;Pantalla Completa&quot;,&quot;msgExitFullScreen&quot;:&quot;Salir del modo pantalla completa&quot;,&quot;msgNoImage&quot;:&quot;Pregunta sin imágenes&quot;,&quot;msgSuccesses&quot;:&quot;¡Correcto! | ¡Excelente! | ¡Genial! | ¡Muy bien! | ¡Perfecto!&quot;,&quot;msgFailures&quot;:&quot;¡No era eso! | ¡Incorrecto! | ¡No es correcto! | ¡Lo sentimos! | ¡Error!&quot;,&quot;msgNotNetwork&quot;:&quot;A este juego sólo se puede jugar con conexión a internet.&quot;,&quot;msgQuestion&quot;:&quot;Pregunta&quot;,&quot;msgAnswer&quot;:&quot;Comprobar&quot;,&quot;msgInformation&quot;:&quot;Información&quot;,&quot;msgAuthor&quot;:&quot;Autoría&quot;,&quot;msgActityComply&quot;:&quot;Ya ha realizado esta actividad.&quot;,&quot;msgPlaySeveralTimes&quot;:&quot;Puede realizar esta actividad cuantas veces quiera&quot;,&quot;msgYouLastScore&quot;:&quot;La última puntuación guardada es&quot;,&quot;msgOption&quot;:&quot;Opción&quot;,&quot;msgImage&quot;:&quot;Imagen&quot;,&quot;msgOrders&quot;:&quot;Ordena todas las respuestas&quot;,&quot;msgIndicateWord&quot;:&quot;Proporcione una palabra o expresión&quot;,&quot;msgGameStarted&quot;:&quot;El juego ya ha comenzado.&quot;,&quot;msgPlayersName&quot;:&quot;Debes indicar un nombre para todos los jugadores seleccionados.&quot;,&quot;msgReboot&quot;:&quot;¿Deseas reiniciar el juego?&quot;,&quot;msgRoolDice&quot;:&quot;lanza el dado.&quot;,&quot;msgsWinner&quot;:&quot;El juego ha terminado. El ganador es %1. ¿Deseas volver a jugar?&quot;,&quot;msgWinGame&quot;:&quot;¡Genial! Ganas la partida.&quot;,&quot;msgsYouPlay&quot;:&quot;tú juegas. Lanza el dado.&quot;,&quot;msgSaveDiceAuto&quot;:&quot;Su puntuación se guardará automáticamente tras cada tirada.&quot;,&quot;msgOnlyFirstGame&quot;:&quot;Sólo puede jugar una vez.&quot;,&quot;msgGamers&quot;:&quot;Jugadores&quot;,&quot;msgReply&quot;:&quot;Responder&quot;,&quot;msgErrorQuestion&quot;:&quot;has fallado.&quot;,&quot;msgGetQueso&quot;:&quot;consigues el queso de&quot;,&quot;msgRightAnswre&quot;:&quot;Un punto más.&quot;,&quot;msgAudio&quot;:&quot;Audio&quot;,&quot;msgCorrect&quot;:&quot;Correcto&quot;,&quot;msgIncorrect&quot;:&quot;Incorrecto&quot;},&quot;trivialID&quot;:1710545945285,&quot;version&quot;:2,&quot;modeBoard&quot;:false}&lt;/div&gt;&lt;a href=&quot;resources/Rompecabeza.PNG&quot; class=&quot;js-hidden trivial-LinkImages-0&quot;&gt;0&lt;/a&gt;&lt;a href=&quot;resources/stadtplanung.jpg&quot; class=&quot;js-hidden trivial-LinkImages-0&quot;&gt;1&lt;/a&gt;&lt;a href=&quot;resources/Capas_de_colouring.png&quot; class=&quot;js-hidden trivial-LinkImages-1&quot;&gt;0&lt;/a&gt;&lt;a href=&quot;resources/Capas_de_colouring.png&quot; class=&quot;js-hidden trivial-LinkImages-1&quot;&gt;1&lt;/a&gt;&lt;a href=&quot;resources/Capas_de_colouring.png&quot; class=&quot;js-hidden trivial-LinkImages-1&quot;&gt;2&lt;/a&gt;&lt;a href=&quot;resources/piezas_completas.png&quot; class=&quot;js-hidden trivial-LinkAudios-0&quot;&gt;1&lt;/a&gt;&lt;a href=&quot;resources/piezas_completas.png&quot; class=&quot;js-hidden trivial-LinkAudios-0&quot;&gt;2&lt;/a&gt;&lt;a href=&quot;resources/piezas_completas.png&quot; class=&quot;js-hidden trivial-LinkAudios-0&quot;&gt;3&lt;/a&gt;&lt;div class=&quot;trivial-bns js-hidden&quot;&gt;Su navegador no es compatible con esta herramienta.&lt;/div&gt;&lt;/div&gt;"></unicode>
              <string role="key" value="exe.engine.field.Field.persistenceVersion"></string>
              <int value="4"></int>
              <string role="key" value="exe.engine.field.FieldWithResources.persistenceVersion"></string>
              <int value="2"></int>
              <string role="key" value="exe.engine.field.TextAreaField.persistenceVersion"></string>
              <int value="3"></int>
              <string role="key" value="htmlTag"></string>
              <string value="div"></string>
              <string role="key" value="images"></string>
              <instance class="exe.engine.galleryidevice.GalleryImages">
               <dictionary>
                <string role="key" value=".listitems"></string>
                <list>
                 <instance class="exe.engine.galleryidevice.GalleryImage">
                  <dictionary>
                   <string role="key" value="_caption"></string>
                   <instance class="exe.engine.field.TextField">
                    <dictionary>
                     <string role="key" value="_id"></string>
                     <int value="234"></int>
                     <string role="key" value="_idevice"></string>
                     <none></none>
                     <string role="key" value="_instruc"></string>
                     <string value=""></string>
                     <string role="key" value="_name"></string>
                     <string value=""></string>
                     <string role="key" value="content"></string>
                     <string value=""></string>
                     <string role="key" value="exe.engine.field.Field.persistenceVersion"></string>
                     <int value="4"></int>
                    </dictionary>
                   </instance>
                   <string role="key" value="_id"></string>
                   <unicode value="27_129_2.3"></unicode>
                   <string role="key" value="_imageResource"></string>
                   <instance class="exe.engine.resource.Resource" reference="5">
                    <dictionary>
                     <string role="key" value="_idevice"></string>
                     <reference key="2"></reference>
                     <string role="key" value="_package"></string>
                     <reference key="1"></reference>
                     <string role="key" value="_storageName"></string>
                     <string value="piezas_completas.png"></string>
                     <string role="key" value="_userName"></string>
                     <string value="c:\\users\\admini~1\\appdata\\local\\temp\\tmpa1nxxu\\piezas_completas.png"></string>
                     <string role="key" value="checksum"></string>
                     <string value="4969245f991368d1d533c977f5661233"></string>
                     <string role="key" value="exe.engine.resource.Resource.persistenceVersion"></string>
                     <int value="2"></int>
                     <string role="key" value="exe.engine.resource._Resource.persistenceVersion"></string>
                     <int value="2"></int>
                     <string role="key" value="warningMsg"></string>
                     <string value=""></string>
                    </dictionary>
                   </instance>
                   <string role="key" value="_parent"></string>
                   <reference key="3"></reference>
                   <string role="key" value="_thumbnailResource"></string>
                   <none></none>
                   <string role="key" value="exe.engine.galleryidevice.GalleryImage.persistenceVersion"></string>
                   <int value="3"></int>
                   <string role="key" value="makeThumbnail"></string>
                   <bool value="0"></bool>
                  </dictionary>
                 </instance>
                 <instance class="exe.engine.galleryidevice.GalleryImage">
                  <dictionary>
                   <string role="key" value="_caption"></string>
                   <instance class="exe.engine.field.TextField">
                    <dictionary>
                     <string role="key" value="_id"></string>
                     <int value="235"></int>
                     <string role="key" value="_idevice"></string>
                     <none></none>
                     <string role="key" value="_instruc"></string>
                     <string value=""></string>
                     <string role="key" value="_name"></string>
                     <string value=""></string>
                     <string role="key" value="content"></string>
                     <string value=""></string>
                     <string role="key" value="exe.engine.field.Field.persistenceVersion"></string>
                     <int value="4"></int>
                    </dictionary>
                   </instance>
                   <string role="key" value="_id"></string>
                   <unicode value="27_129_2.4"></unicode>
                   <string role="key" value="_imageResource"></string>
                   <instance class="exe.engine.resource.Resource" reference="6">
                    <dictionary>
                     <string role="key" value="_idevice"></string>
                     <reference key="2"></reference>
                     <string role="key" value="_package"></string>
                     <reference key="1"></reference>
                     <string role="key" value="_storageName"></string>
                     <string value="Rompecabeza.PNG"></string>
                     <string role="key" value="_userName"></string>
                     <string value="c:\\users\\admini~1\\appdata\\local\\temp\\tmpa1nxxu\\Rompecabeza.PNG"></string>
                     <string role="key" value="checksum"></string>
                     <string value="0eb429543ca5bc930edf30704e7345d4"></string>
                     <string role="key" value="exe.engine.resource.Resource.persistenceVersion"></string>
                     <int value="2"></int>
                     <string role="key" value="exe.engine.resource._Resource.persistenceVersion"></string>
                     <int value="2"></int>
                     <string role="key" value="warningMsg"></string>
                     <string value=""></string>
                    </dictionary>
                   </instance>
                   <string role="key" value="_parent"></string>
                   <reference key="3"></reference>
                   <string role="key" value="_thumbnailResource"></string>
                   <none></none>
                   <string role="key" value="exe.engine.galleryidevice.GalleryImage.persistenceVersion"></string>
                   <int value="3"></int>
                   <string role="key" value="makeThumbnail"></string>
                   <bool value="0"></bool>
                  </dictionary>
                 </instance>
                 <instance class="exe.engine.galleryidevice.GalleryImage">
                  <dictionary>
                   <string role="key" value="_caption"></string>
                   <instance class="exe.engine.field.TextField">
                    <dictionary>
                     <string role="key" value="_id"></string>
                     <int value="236"></int>
                     <string role="key" value="_idevice"></string>
                     <none></none>
                     <string role="key" value="_instruc"></string>
                     <string value=""></string>
                     <string role="key" value="_name"></string>
                     <string value=""></string>
                     <string role="key" value="content"></string>
                     <string value=""></string>
                     <string role="key" value="exe.engine.field.Field.persistenceVersion"></string>
                     <int value="4"></int>
                    </dictionary>
                   </instance>
                   <string role="key" value="_id"></string>
                   <unicode value="27_129_2.5"></unicode>
                   <string role="key" value="_imageResource"></string>
                   <instance class="exe.engine.resource.Resource" reference="7">
                    <dictionary>
                     <string role="key" value="_idevice"></string>
                     <reference key="2"></reference>
                     <string role="key" value="_package"></string>
                     <reference key="1"></reference>
                     <string role="key" value="_storageName"></string>
                     <string value="stadtplanung.jpg"></string>
                     <string role="key" value="_userName"></string>
                     <string value="c:\\users\\admini~1\\appdata\\local\\temp\\tmpa1nxxu\\stadtplanung.jpg"></string>
                     <string role="key" value="checksum"></string>
                     <string value="2f3ca5ee7ae92483dcd4dc78ab9217b4"></string>
                     <string role="key" value="exe.engine.resource.Resource.persistenceVersion"></string>
                     <int value="2"></int>
                     <string role="key" value="exe.engine.resource._Resource.persistenceVersion"></string>
                     <int value="2"></int>
                     <string role="key" value="warningMsg"></string>
                     <string value=""></string>
                    </dictionary>
                   </instance>
                   <string role="key" value="_parent"></string>
                   <reference key="3"></reference>
                   <string role="key" value="_thumbnailResource"></string>
                   <none></none>
                   <string role="key" value="exe.engine.galleryidevice.GalleryImage.persistenceVersion"></string>
                   <int value="3"></int>
                   <string role="key" value="makeThumbnail"></string>
                   <bool value="0"></bool>
                  </dictionary>
                 </instance>
                 <instance class="exe.engine.galleryidevice.GalleryImage">
                  <dictionary>
                   <string role="key" value="_caption"></string>
                   <instance class="exe.engine.field.TextField">
                    <dictionary>
                     <string role="key" value="_id"></string>
                     <int value="237"></int>
                     <string role="key" value="_idevice"></string>
                     <none></none>
                     <string role="key" value="_instruc"></string>
                     <string value=""></string>
                     <string role="key" value="_name"></string>
                     <string value=""></string>
                     <string role="key" value="content"></string>
                     <string value=""></string>
                     <string role="key" value="exe.engine.field.Field.persistenceVersion"></string>
                     <int value="4"></int>
                    </dictionary>
                   </instance>
                   <string role="key" value="_id"></string>
                   <unicode value="27_129_2.6"></unicode>
                   <string role="key" value="_imageResource"></string>
                   <instance class="exe.engine.resource.Resource" reference="8">
                    <dictionary>
                     <string role="key" value="_idevice"></string>
                     <reference key="2"></reference>
                     <string role="key" value="_package"></string>
                     <reference key="1"></reference>
                     <string role="key" value="_storageName"></string>
                     <string value="Capas_de_colouring.png"></string>
                     <string role="key" value="_userName"></string>
                     <string value="c:\\users\\admini~1\\appdata\\local\\temp\\tmpduinvs.eXe\\previews\\allyourbase\\Capas_de_colouring.png"></string>
                     <string role="key" value="checksum"></string>
                     <string value="42e2adc292d2c5891c3ec17680ef58ff"></string>
                     <string role="key" value="exe.engine.resource.Resource.persistenceVersion"></string>
                     <int value="2"></int>
                     <string role="key" value="exe.engine.resource._Resource.persistenceVersion"></string>
                     <int value="2"></int>
                     <string role="key" value="warningMsg"></string>
                     <string value=""></string>
                    </dictionary>
                   </instance>
                   <string role="key" value="_parent"></string>
                   <reference key="3"></reference>
                   <string role="key" value="_thumbnailResource"></string>
                   <none></none>
                   <string role="key" value="exe.engine.galleryidevice.GalleryImage.persistenceVersion"></string>
                   <int value="3"></int>
                   <string role="key" value="makeThumbnail"></string>
                   <bool value="0"></bool>
                  </dictionary>
                 </instance>
                 <instance class="exe.engine.galleryidevice.GalleryImage">
                  <dictionary>
                   <string role="key" value="_caption"></string>
                   <instance class="exe.engine.field.TextField">
                    <dictionary>
                     <string role="key" value="_id"></string>
                     <int value="238"></int>
                     <string role="key" value="_idevice"></string>
                     <none></none>
                     <string role="key" value="_instruc"></string>
                     <string value=""></string>
                     <string role="key" value="_name"></string>
                     <string value=""></string>
                     <string role="key" value="content"></string>
                     <string value=""></string>
                     <string role="key" value="exe.engine.field.Field.persistenceVersion"></string>
                     <int value="4"></int>
                    </dictionary>
                   </instance>
                   <string role="key" value="_id"></string>
                   <unicode value="27_129_2.7"></unicode>
                   <string role="key" value="_imageResource"></string>
                   <instance class="exe.engine.resource.Resource" reference="9">
                    <dictionary>
                     <string role="key" value="_idevice"></string>
                     <reference key="2"></reference>
                     <string role="key" value="_package"></string>
                     <reference key="1"></reference>
                     <string role="key" value="_storageName"></string>
                     <string value="Capas_de_colouring.png"></string>
                     <string role="key" value="_userName"></string>
                     <string value="c:\\users\\admini~1\\appdata\\local\\temp\\tmpduinvs.eXe\\previews\\allyourbase\\Capas_de_colouring.png"></string>
                     <string role="key" value="checksum"></string>
                     <string value="42e2adc292d2c5891c3ec17680ef58ff"></string>
                     <string role="key" value="exe.engine.resource.Resource.persistenceVersion"></string>
                     <int value="2"></int>
                     <string role="key" value="exe.engine.resource._Resource.persistenceVersion"></string>
                     <int value="2"></int>
                     <string role="key" value="warningMsg"></string>
                     <string value=""></string>
                    </dictionary>
                   </instance>
                   <string role="key" value="_parent"></string>
                   <reference key="3"></reference>
                   <string role="key" value="_thumbnailResource"></string>
                   <none></none>
                   <string role="key" value="exe.engine.galleryidevice.GalleryImage.persistenceVersion"></string>
                   <int value="3"></int>
                   <string role="key" value="makeThumbnail"></string>
                   <bool value="0"></bool>
                  </dictionary>
                 </instance>
                 <instance class="exe.engine.galleryidevice.GalleryImage">
                  <dictionary>
                   <string role="key" value="_caption"></string>
                   <instance class="exe.engine.field.TextField">
                    <dictionary>
                     <string role="key" value="_id"></string>
                     <int value="239"></int>
                     <string role="key" value="_idevice"></string>
                     <none></none>
                     <string role="key" value="_instruc"></string>
                     <string value=""></string>
                     <string role="key" value="_name"></string>
                     <string value=""></string>
                     <string role="key" value="content"></string>
                     <string value=""></string>
                     <string role="key" value="exe.engine.field.Field.persistenceVersion"></string>
                     <int value="4"></int>
                    </dictionary>
                   </instance>
                   <string role="key" value="_id"></string>
                   <unicode value="27_129_2.8"></unicode>
                   <string role="key" value="_imageResource"></string>
                   <instance class="exe.engine.resource.Resource" reference="10">
                    <dictionary>
                     <string role="key" value="_idevice"></string>
                     <reference key="2"></reference>
                     <string role="key" value="_package"></string>
                     <reference key="1"></reference>
                     <string role="key" value="_storageName"></string>
                     <string value="Capas_de_colouring.png"></string>
                     <string role="key" value="_userName"></string>
                     <string value="c:\\users\\admini~1\\appdata\\local\\temp\\tmpduinvs.eXe\\previews\\allyourbase\\Capas_de_colouring.png"></string>
                     <string role="key" value="checksum"></string>
                     <string value="42e2adc292d2c5891c3ec17680ef58ff"></string>
                     <string role="key" value="exe.engine.resource.Resource.persistenceVersion"></string>
                     <int value="2"></int>
                     <string role="key" value="exe.engine.resource._Resource.persistenceVersion"></string>
                     <int value="2"></int>
                     <string role="key" value="warningMsg"></string>
                     <string value=""></string>
                    </dictionary>
                   </instance>
                   <string role="key" value="_parent"></string>
                   <reference key="3"></reference>
                   <string role="key" value="_thumbnailResource"></string>
                   <none></none>
                   <string role="key" value="exe.engine.galleryidevice.GalleryImage.persistenceVersion"></string>
                   <int value="3"></int>
                   <string role="key" value="makeThumbnail"></string>
                   <bool value="0"></bool>
                  </dictionary>
                 </instance>
                </list>
                <string role="key" value="idevice"></string>
                <reference key="3"></reference>
               </dictionary>
              </instance>
              <string role="key" value="intlinks_to_anchors"></string>
              <dictionary></dictionary>
              <string role="key" value="nextImageId"></string>
              <int value="9"></int>
              <string role="key" value="parentNode"></string>
              <reference key="4"></reference>
             </dictionary>
            </instance>
           </list>
           <string role="key" value="icon"></string>
           <unicode value=""></unicode>
           <string role="key" value="id"></string>
           <unicode value="27"></unicode>
           <string role="key" value="ideviceCategory"></string>
           <unicode value="Games"></unicode>
           <string role="key" value="lastIdevice"></string>
           <bool value="0"></bool>
           <string role="key" value="nextFieldId"></string>
           <int value="3"></int>
           <string role="key" value="originalicon"></string>
           <string value=""></string>
           <string role="key" value="parentNode"></string>
           <reference key="4"></reference>
           <string role="key" value="systemResources"></string>
           <list></list>
           <string role="key" value="undo"></string>
           <bool value="1"></bool>
           <string role="key" value="userResources"></string>
           <list>
            <reference key="5"></reference>
            <reference key="6"></reference>
            <reference key="7"></reference>
            <reference key="8"></reference>
            <reference key="9"></reference>
            <reference key="10"></reference>
           </list>
           <string role="key" value="version"></string>
           <int value="0"></int>
          </dictionary>
         </instance>
        </list>
        <string role="key" value="_id"></string>
        <unicode value="7"></unicode>
        <string role="key" value="_package"></string>
        <reference key="1"></reference>
        <string role="key" value="anchor_fields"></string>
        <list></list>
        <string role="key" value="exe.engine.node.Node.persistenceVersion"></string>
        <int value="2"></int>
        <string role="key" value="exportType"></string>
        <string value="singlepage"></string>
        <string role="key" value="last_full_node_path"></string>
        <string value="exe-node:Desaf%C3%ADo%20L%C3%BAdico%20:Desaf%C3%ADo%20L%C3%BAdico%20"></string>
        <string role="key" value="parent"></string>
        <reference key="11"></reference>
        <string role="key" value="top_anchors_linked_from_fields"></string>
        <list></list>
        <string role="key" value="children"></string>
        <list></list>
       </dictionary>
      </instance>
     </list>
    </dictionary>
   </instance>
   <unicode role="key" value="7"></unicode>
   <reference key="4"></reference>
  </dictionary>
  <string role="key" value="_objectives"></string>
  <unicode value=""></unicode>
  <string role="key" value="_preknowledge"></string>
  <unicode value=""></unicode>
  <string role="key" value="_templateFile"></string>
  <string value="Base"></string>
  <string role="key" value="backgroundImgTile"></string>
  <bool value="0"></bool>
  <string role="key" value="currentNode"></string>
  <reference key="4"></reference>
  <string role="key" value="dublinCore"></string>
  <instance class="exe.engine.package.DublinCore">
   <dictionary>
    <string role="key" value="contributors"></string>
    <unicode value=""></unicode>
    <string role="key" value="coverage"></string>
    <unicode value=""></unicode>
    <string role="key" value="creator"></string>
    <unicode value="Ebliss Segovia"></unicode>
    <string role="key" value="date"></string>
    <unicode value=""></unicode>
    <string role="key" value="description"></string>
    <unicode value="En este REA se abordará el concepto de planificación urbana utilizando la plataforma Colouring Bogotá. Está dirigido a estudiantes y profesionales en Ingeniería Catastral y Geodesta, así como a personas interesadas en el campo de Ordenamiento Territorial y Planificación Urbana."></unicode>
    <string role="key" value="format"></string>
    <unicode value=""></unicode>
    <string role="key" value="identifier"></string>
    <unicode value="4a7d755e-34a5-410a-a7d4-601881136623"></unicode>
    <string role="key" value="language"></string>
    <unicode value="es"></unicode>
    <string role="key" value="publisher"></string>
    <unicode value=""></unicode>
    <string role="key" value="relation"></string>
    <unicode value=""></unicode>
    <string role="key" value="rights"></string>
    <unicode value=""></unicode>
    <string role="key" value="source"></string>
    <unicode value=""></unicode>
    <string role="key" value="subject"></string>
    <unicode value=""></unicode>
    <string role="key" value="title"></string>
    <unicode value="Concepto de planificación urbana utilizando la plataforma Colouring Bogota"></unicode>
    <string role="key" value="type"></string>
    <unicode value=""></unicode>
   </dictionary>
  </instance>
  <string role="key" value="exe.engine.package.Package.persistenceVersion"></string>
  <int value="16"></int>
  <string role="key" value="exportMetadataType"></string>
  <string value="LOMES"></string>
  <string role="key" value="exportSource"></string>
  <bool value="1"></bool>
  <string role="key" value="footer"></string>
  <unicode value=""></unicode>
  <string role="key" value="isLoading"></string>
  <bool value="0"></bool>
  <string role="key" value="license"></string>
  <unicode value="creative commons: attribution - non commercial 4.0"></unicode>
  <string role="key" value="lom"></string>
  <instance class="exe.engine.lom.lomsubs.lomSub">
   <dictionary>
    <string role="key" value="__index__"></string>
    <dictionary></dictionary>
    <string role="key" value="__oldchild__"></string>
    <none></none>
    <string role="key" value="annotation"></string>
    <list></list>
    <string role="key" value="classification"></string>
    <list></list>
    <string role="key" value="educational"></string>
    <list>
     <instance class="exe.engine.lom.lomsubs.educationalSub">
      <dictionary>
       <string role="key" value="cognitiveProcess"></string>
       <list></list>
       <string role="key" value="context"></string>
       <list>
        <instance class="exe.engine.lom.lomsubs.contextSub">
         <dictionary>
          <string role="key" value="extensiontype_"></string>
          <none></none>
          <string role="key" value="source"></string>
          <instance class="exe.engine.lom.lomsubs.sourceValueSub">
           <dictionary>
            <string role="key" value="extensiontype_"></string>
            <none></none>
            <string role="key" value="string"></string>
            <list></list>
            <string role="key" value="uniqueElementName"></string>
            <string value="source"></string>
            <string role="key" value="valueOf_"></string>
            <string value="LOMv1.0"></string>
           </dictionary>
          </instance>
          <string role="key" value="value"></string>
          <instance class="exe.engine.lom.lomsubs.contextValueSub">
           <dictionary>
            <string role="key" value="extensiontype_"></string>
            <none></none>
            <string role="key" value="source"></string>
            <none></none>
            <string role="key" value="uniqueElementName"></string>
            <string value="value"></string>
            <string role="key" value="value"></string>
            <none></none>
            <string role="key" value="valueOf_"></string>
            <string value="other"></string>
           </dictionary>
          </instance>
         </dictionary>
        </instance>
        <instance class="exe.engine.lom.lomsubs.contextSub">
         <dictionary>
          <string role="key" value="extensiontype_"></string>
          <none></none>
          <string role="key" value="source"></string>
          <instance class="exe.engine.lom.lomsubs.sourceValueSub">
           <dictionary>
            <string role="key" value="extensiontype_"></string>
            <none></none>
            <string role="key" value="string"></string>
            <list></list>
            <string role="key" value="uniqueElementName"></string>
            <string value="source"></string>
            <string role="key" value="valueOf_"></string>
            <string value="LOMv1.0"></string>
           </dictionary>
          </instance>
          <string role="key" value="value"></string>
          <instance class="exe.engine.lom.lomsubs.contextValueSub">
           <dictionary>
            <string role="key" value="extensiontype_"></string>
            <none></none>
            <string role="key" value="source"></string>
            <none></none>
            <string role="key" value="uniqueElementName"></string>
            <string value="value"></string>
            <string role="key" value="value"></string>
            <none></none>
            <string role="key" value="valueOf_"></string>
            <string value="school"></string>
           </dictionary>
          </instance>
         </dictionary>
        </instance>
       </list>
       <string role="key" value="description"></string>
       <list></list>
       <string role="key" value="difficulty"></string>
       <none></none>
       <string role="key" value="intendedEndUserRole"></string>
       <list>
        <instance class="exe.engine.lom.lomsubs.intendedEndUserRoleSub">
         <dictionary>
          <string role="key" value="extensiontype_"></string>
          <none></none>
          <string role="key" value="source"></string>
          <instance class="exe.engine.lom.lomsubs.sourceValueSub">
           <dictionary>
            <string role="key" value="extensiontype_"></string>
            <none></none>
            <string role="key" value="string"></string>
            <list></list>
            <string role="key" value="uniqueElementName"></string>
            <string value="source"></string>
            <string role="key" value="valueOf_"></string>
            <string value="LOMv1.0"></string>
           </dictionary>
          </instance>
          <string role="key" value="value"></string>
          <instance class="exe.engine.lom.lomsubs.intendedEndUserRoleValueSub">
           <dictionary>
            <string role="key" value="extensiontype_"></string>
            <none></none>
            <string role="key" value="source"></string>
            <none></none>
            <string role="key" value="uniqueElementName"></string>
            <string value="value"></string>
            <string role="key" value="value"></string>
            <none></none>
            <string role="key" value="valueOf_"></string>
            <string value="learner"></string>
           </dictionary>
          </instance>
         </dictionary>
        </instance>
       </list>
       <string role="key" value="interactivityLevel"></string>
       <none></none>
       <string role="key" value="interactivityType"></string>
       <none></none>
       <string role="key" value="language"></string>
       <list>
        <instance class="exe.engine.lom.lomsubs.LanguageIdSub">
         <dictionary>
          <string role="key" value="extensiontype_"></string>
          <none></none>
          <string role="key" value="valueOf_"></string>
          <string value="es"></string>
         </dictionary>
        </instance>
       </list>
       <string role="key" value="learningResourceType"></string>
       <list></list>
       <string role="key" value="semanticDensity"></string>
       <none></none>
       <string role="key" value="typicalAgeRange"></string>
       <list></list>
       <string role="key" value="typicalLearningTime"></string>
       <none></none>
      </dictionary>
     </instance>
    </list>
    <string role="key" value="general"></string>
    <instance class="exe.engine.lom.lomsubs.generalSub">
     <dictionary>
      <string role="key" value="aggregationLevel"></string>
      <instance class="exe.engine.lom.lomsubs.aggregationLevelSub">
       <dictionary>
        <string role="key" value="extensiontype_"></string>
        <none></none>
        <string role="key" value="source"></string>
        <instance class="exe.engine.lom.lomsubs.sourceValueSub">
         <dictionary>
          <string role="key" value="extensiontype_"></string>
          <none></none>
          <string role="key" value="string"></string>
          <list></list>
          <string role="key" value="uniqueElementName"></string>
          <string value="source"></string>
          <string role="key" value="valueOf_"></string>
          <string value="LOMv1.0"></string>
         </dictionary>
        </instance>
        <string role="key" value="uniqueElementName"></string>
        <string value="aggregationLevel"></string>
        <string role="key" value="value"></string>
        <instance class="exe.engine.lom.lomsubs.aggregationLevelValueSub">
         <dictionary>
          <string role="key" value="extensiontype_"></string>
          <none></none>
          <string role="key" value="source"></string>
          <none></none>
          <string role="key" value="uniqueElementName"></string>
          <string value="value"></string>
          <string role="key" value="value"></string>
          <none></none>
          <string role="key" value="valueOf_"></string>
          <string value="2"></string>
         </dictionary>
        </instance>
       </dictionary>
      </instance>
      <string role="key" value="coverage"></string>
      <list></list>
      <string role="key" value="description"></string>
      <list>
       <instance class="exe.engine.lom.lomsubs.descriptionSub">
        <dictionary>
         <string role="key" value="extensiontype_"></string>
         <none></none>
         <string role="key" value="string"></string>
         <list>
          <instance class="exe.engine.lom.lomsubs.LangStringSub">
           <dictionary>
            <string role="key" value="language"></string>
            <string value="es"></string>
            <string role="key" value="valueOf_"></string>
            <string value="En este REA se abordar\xc3\xa1 el concepto de planificaci\xc3\xb3n urbana utilizando la plataforma Colouring Bogot\xc3\xa1. Est\xc3\xa1 dirigido a estudiantes y profesionales en Ingenier\xc3\xada Catastral y Geodesta, as\xc3\xad como a personas interesadas en el campo de Ordenamiento Territorial y Planificaci\xc3\xb3n Urbana."></string>
           </dictionary>
          </instance>
         </list>
        </dictionary>
       </instance>
      </list>
      <string role="key" value="identifier"></string>
      <list>
       <instance class="exe.engine.lom.lomsubs.identifierSub">
        <dictionary>
         <string role="key" value="catalog"></string>
         <instance class="exe.engine.lom.lomsubs.catalogSub">
          <dictionary>
           <string role="key" value="uniqueElementName"></string>
           <string value="catalog"></string>
           <string role="key" value="valueOf_"></string>
           <unicode value="My Catalog"></unicode>
          </dictionary>
         </instance>
         <string role="key" value="entry"></string>
         <instance class="exe.engine.lom.lomsubs.entrySub">
          <dictionary>
           <string role="key" value="uniqueElementName"></string>
           <string value="entry"></string>
           <string role="key" value="valueOf_"></string>
           <unicode value="4a7d755e-34a5-410a-a7d4-601881136623"></unicode>
          </dictionary>
         </instance>
        </dictionary>
       </instance>
      </list>
      <string role="key" value="keyword"></string>
      <list></list>
      <string role="key" value="language"></string>
      <list>
       <instance class="exe.engine.lom.lomsubs.LanguageIdSub">
        <dictionary>
         <string role="key" value="extensiontype_"></string>
         <none></none>
         <string role="key" value="valueOf_"></string>
         <string value="es"></string>
        </dictionary>
       </instance>
      </list>
      <string role="key" value="structure"></string>
      <none></none>
      <string role="key" value="title"></string>
      <instance class="exe.engine.lom.lomsubs.titleSub">
       <dictionary>
        <string role="key" value="extensiontype_"></string>
        <none></none>
        <string role="key" value="string"></string>
        <list>
         <instance class="exe.engine.lom.lomsubs.LangStringSub">
          <dictionary>
           <string role="key" value="language"></string>
           <string value="es"></string>
           <string role="key" value="valueOf_"></string>
           <string value="Concepto de planificaci\xc3\xb3n urbana utilizando la plataforma Colouring Bogota"></string>
          </dictionary>
         </instance>
        </list>
        <string role="key" value="uniqueElementName"></string>
        <none></none>
       </dictionary>
      </instance>
      <string role="key" value="uniqueElementName"></string>
      <string value="general"></string>
     </dictionary>
    </instance>
    <string role="key" value="lifeCycle"></string>
    <instance class="exe.engine.lom.lomsubs.lifeCycleSub">
     <dictionary>
      <string role="key" value="contribute"></string>
      <list>
       <instance class="exe.engine.lom.lomsubs.contributeSub">
        <dictionary>
         <string role="key" value="date"></string>
         <instance class="exe.engine.lom.lomsubs.dateSub">
          <dictionary>
           <string role="key" value="dateTime"></string>
           <instance class="exe.engine.lom.lomsubs.DateTimeValueSub">
            <dictionary>
             <string role="key" value="uniqueElementName"></string>
             <string value="dateTime"></string>
             <string role="key" value="valueOf_"></string>
             <string value="2024-03-11T19:32:15.00-05:00"></string>
            </dictionary>
           </instance>
           <string role="key" value="description"></string>
           <instance class="exe.engine.lom.lomsubs.LanguageStringSub">
            <dictionary>
             <string role="key" value="extensiontype_"></string>
             <none></none>
             <string role="key" value="string"></string>
             <list>
              <instance class="exe.engine.lom.lomsubs.LangStringSub">
               <dictionary>
                <string role="key" value="language"></string>
                <string value="es"></string>
                <string role="key" value="valueOf_"></string>
                <string value="Fecha de creaci\xc3\xb3n de los metadatos"></string>
               </dictionary>
              </instance>
             </list>
            </dictionary>
           </instance>
           <string role="key" value="extensiontype_"></string>
           <none></none>
           <string role="key" value="uniqueElementName"></string>
           <none></none>
           <string role="key" value="valueOf_"></string>
           <none></none>
          </dictionary>
         </instance>
         <string role="key" value="entity"></string>
         <list>
          <instance class="exe.engine.lom.lomsubs.entitySub">
           <dictionary>
            <string role="key" value="extensiontype_"></string>
            <none></none>
            <string role="key" value="valueOf_"></string>
            <string value="BEGIN:VCARD VERSION:3.0 FN:Ebliss Segovia EMAIL;TYPE=INTERNET: ORG: END:VCARD"></string>
           </dictionary>
          </instance>
         </list>
         <string role="key" value="role"></string>
         <instance class="exe.engine.lom.lomsubs.roleSub">
          <dictionary>
           <string role="key" value="extensiontype_"></string>
           <none></none>
           <string role="key" value="source"></string>
           <instance class="exe.engine.lom.lomsubs.sourceValueSub">
            <dictionary>
             <string role="key" value="extensiontype_"></string>
             <none></none>
             <string role="key" value="string"></string>
             <list></list>
             <string role="key" value="uniqueElementName"></string>
             <string value="source"></string>
             <string role="key" value="valueOf_"></string>
             <string value="LOMv1.0"></string>
            </dictionary>
           </instance>
           <string role="key" value="uniqueElementName"></string>
           <string value="role"></string>
           <string role="key" value="value"></string>
           <instance class="exe.engine.lom.lomsubs.roleValueSub">
            <dictionary>
             <string role="key" value="extensiontype_"></string>
             <none></none>
             <string role="key" value="source"></string>
             <none></none>
             <string role="key" value="uniqueElementName"></string>
             <string value="value"></string>
             <string role="key" value="value"></string>
             <none></none>
             <string role="key" value="valueOf_"></string>
             <string value="author"></string>
            </dictionary>
           </instance>
          </dictionary>
         </instance>
        </dictionary>
       </instance>
      </list>
      <string role="key" value="status"></string>
      <none></none>
      <string role="key" value="uniqueElementName"></string>
      <none></none>
      <string role="key" value="version"></string>
      <none></none>
     </dictionary>
    </instance>
    <string role="key" value="metaMetadata"></string>
    <instance class="exe.engine.lom.lomsubs.metaMetadataSub">
     <dictionary>
      <string role="key" value="contribute"></string>
      <list>
       <instance class="exe.engine.lom.lomsubs.contributeMetaSub">
        <dictionary>
         <string role="key" value="date"></string>
         <instance class="exe.engine.lom.lomsubs.dateSub">
          <dictionary>
           <string role="key" value="dateTime"></string>
           <instance class="exe.engine.lom.lomsubs.DateTimeValueSub">
            <dictionary>
             <string role="key" value="uniqueElementName"></string>
             <string value="dateTime"></string>
             <string role="key" value="valueOf_"></string>
             <string value="2024-03-11T19:03:41.00-05:00"></string>
            </dictionary>
           </instance>
           <string role="key" value="description"></string>
           <instance class="exe.engine.lom.lomsubs.LanguageStringSub">
            <dictionary>
             <string role="key" value="extensiontype_"></string>
             <none></none>
             <string role="key" value="string"></string>
             <list>
              <instance class="exe.engine.lom.lomsubs.LangStringSub">
               <dictionary>
                <string role="key" value="language"></string>
                <string value="es"></string>
                <string role="key" value="valueOf_"></string>
                <string value="Fecha de creaci\xc3\xb3n de los metadatos"></string>
               </dictionary>
              </instance>
             </list>
            </dictionary>
           </instance>
           <string role="key" value="extensiontype_"></string>
           <none></none>
           <string role="key" value="uniqueElementName"></string>
           <none></none>
           <string role="key" value="valueOf_"></string>
           <none></none>
          </dictionary>
         </instance>
         <string role="key" value="entity"></string>
         <list>
          <instance class="exe.engine.lom.lomsubs.entitySub">
           <dictionary>
            <string role="key" value="extensiontype_"></string>
            <none></none>
            <string role="key" value="valueOf_"></string>
            <string value="BEGIN:VCARD VERSION:3.0 FN:Ebliss Segovia EMAIL;TYPE=INTERNET: ORG: END:VCARD"></string>
           </dictionary>
          </instance>
         </list>
         <string role="key" value="role"></string>
         <instance class="exe.engine.lom.lomsubs.roleSub">
          <dictionary>
           <string role="key" value="extensiontype_"></string>
           <none></none>
           <string role="key" value="source"></string>
           <instance class="exe.engine.lom.lomsubs.sourceValueSub">
            <dictionary>
             <string role="key" value="extensiontype_"></string>
             <none></none>
             <string role="key" value="string"></string>
             <list></list>
             <string role="key" value="uniqueElementName"></string>
             <string value="source"></string>
             <string role="key" value="valueOf_"></string>
             <string value="LOMv1.0"></string>
            </dictionary>
           </instance>
           <string role="key" value="uniqueElementName"></string>
           <string value="role"></string>
           <string role="key" value="value"></string>
           <instance class="exe.engine.lom.lomsubs.roleValueSub">
            <dictionary>
             <string role="key" value="extensiontype_"></string>
             <none></none>
             <string role="key" value="source"></string>
             <none></none>
             <string role="key" value="uniqueElementName"></string>
             <string value="value"></string>
             <string role="key" value="value"></string>
             <none></none>
             <string role="key" value="valueOf_"></string>
             <string value="creator"></string>
            </dictionary>
           </instance>
          </dictionary>
         </instance>
        </dictionary>
       </instance>
      </list>
      <string role="key" value="identifier"></string>
      <list></list>
      <string role="key" value="language"></string>
      <instance class="exe.engine.lom.lomsubs.LanguageIdSub">
       <dictionary>
        <string role="key" value="extensiontype_"></string>
        <none></none>
        <string role="key" value="valueOf_"></string>
        <string value="es"></string>
       </dictionary>
      </instance>
      <string role="key" value="metadataSchema"></string>
      <list>
       <instance class="exe.engine.lom.lomsubs.metadataSchemaSub">
        <dictionary>
         <string role="key" value="valueOf_"></string>
         <string value="LOMv1.0"></string>
        </dictionary>
       </instance>
      </list>
      <string role="key" value="uniqueElementName"></string>
      <string value="metaMetadata"></string>
     </dictionary>
    </instance>
    <string role="key" value="relation"></string>
    <list></list>
    <string role="key" value="rights"></string>
    <instance class="exe.engine.lom.lomsubs.rightsSub">
     <dictionary>
      <string role="key" value="access"></string>
      <none></none>
      <string role="key" value="copyrightAndOtherRestrictions"></string>
      <instance class="exe.engine.lom.lomsubs.copyrightAndOtherRestrictionsSub">
       <dictionary>
        <string role="key" value="extensiontype_"></string>
        <none></none>
        <string role="key" value="source"></string>
        <instance class="exe.engine.lom.lomsubs.sourceValueSub">
         <dictionary>
          <string role="key" value="extensiontype_"></string>
          <none></none>
          <string role="key" value="string"></string>
          <list></list>
          <string role="key" value="uniqueElementName"></string>
          <string value="source"></string>
          <string role="key" value="valueOf_"></string>
          <string value="LOMv1.0"></string>
         </dictionary>
        </instance>
        <string role="key" value="uniqueElementName"></string>
        <string value="copyrightAndOtherRestrictions"></string>
        <string role="key" value="value"></string>
        <instance class="exe.engine.lom.lomsubs.copyrightAndOtherRestrictionsValueSub">
         <dictionary>
          <string role="key" value="extensiontype_"></string>
          <none></none>
          <string role="key" value="source"></string>
          <none></none>
          <string role="key" value="uniqueElementName"></string>
          <string value="value"></string>
          <string role="key" value="value"></string>
          <none></none>
          <string role="key" value="valueOf_"></string>
          <string value="yes"></string>
         </dictionary>
        </instance>
       </dictionary>
      </instance>
      <string role="key" value="cost"></string>
      <none></none>
      <string role="key" value="description"></string>
      <none></none>
      <string role="key" value="uniqueElementName"></string>
      <none></none>
     </dictionary>
    </instance>
    <string role="key" value="technical"></string>
    <none></none>
   </dictionary>
  </instance>
  <string role="key" value="lomEs"></string>
  <instance class="exe.engine.lom.lomsubs.lomSub">
   <dictionary>
    <string role="key" value="__index__"></string>
    <dictionary></dictionary>
    <string role="key" value="__oldchild__"></string>
    <none></none>
    <string role="key" value="annotation"></string>
    <list></list>
    <string role="key" value="classification"></string>
    <list></list>
    <string role="key" value="educational"></string>
    <list>
     <instance class="exe.engine.lom.lomsubs.educationalSub">
      <dictionary>
       <string role="key" value="cognitiveProcess"></string>
       <list></list>
       <string role="key" value="context"></string>
       <list>
        <instance class="exe.engine.lom.lomsubs.contextSub">
         <dictionary>
          <string role="key" value="extensiontype_"></string>
          <none></none>
          <string role="key" value="source"></string>
          <instance class="exe.engine.lom.lomsubs.sourceValueSub">
           <dictionary>
            <string role="key" value="extensiontype_"></string>
            <none></none>
            <string role="key" value="string"></string>
            <list></list>
            <string role="key" value="uniqueElementName"></string>
            <string value="source"></string>
            <string role="key" value="valueOf_"></string>
            <string value="LOM-ESv1.0"></string>
           </dictionary>
          </instance>
          <string role="key" value="value"></string>
          <instance class="exe.engine.lom.lomsubs.contextValueSub">
           <dictionary>
            <string role="key" value="extensiontype_"></string>
            <none></none>
            <string role="key" value="source"></string>
            <none></none>
            <string role="key" value="uniqueElementName"></string>
            <string value="value"></string>
            <string role="key" value="value"></string>
            <none></none>
            <string role="key" value="valueOf_"></string>
            <string value="presencial"></string>
           </dictionary>
          </instance>
         </dictionary>
        </instance>
        <instance class="exe.engine.lom.lomsubs.contextSub">
         <dictionary>
          <string role="key" value="extensiontype_"></string>
          <none></none>
          <string role="key" value="source"></string>
          <instance class="exe.engine.lom.lomsubs.sourceValueSub">
           <dictionary>
            <string role="key" value="extensiontype_"></string>
            <none></none>
            <string role="key" value="string"></string>
            <list></list>
            <string role="key" value="uniqueElementName"></string>
            <string value="source"></string>
            <string role="key" value="valueOf_"></string>
            <string value="LOM-ESv1.0"></string>
           </dictionary>
          </instance>
          <string role="key" value="value"></string>
          <instance class="exe.engine.lom.lomsubs.contextValueSub">
           <dictionary>
            <string role="key" value="extensiontype_"></string>
            <none></none>
            <string role="key" value="source"></string>
            <none></none>
            <string role="key" value="uniqueElementName"></string>
            <string value="value"></string>
            <string role="key" value="value"></string>
            <none></none>
            <string role="key" value="valueOf_"></string>
            <string value="classroom"></string>
           </dictionary>
          </instance>
         </dictionary>
        </instance>
       </list>
       <string role="key" value="description"></string>
       <list></list>
       <string role="key" value="difficulty"></string>
       <none></none>
       <string role="key" value="intendedEndUserRole"></string>
       <list>
        <instance class="exe.engine.lom.lomsubs.intendedEndUserRoleSub">
         <dictionary>
          <string role="key" value="extensiontype_"></string>
          <none></none>
          <string role="key" value="source"></string>
          <instance class="exe.engine.lom.lomsubs.sourceValueSub">
           <dictionary>
            <string role="key" value="extensiontype_"></string>
            <none></none>
            <string role="key" value="string"></string>
            <list></list>
            <string role="key" value="uniqueElementName"></string>
            <string value="source"></string>
            <string role="key" value="valueOf_"></string>
            <string value="LOM-ESv1.0"></string>
           </dictionary>
          </instance>
          <string role="key" value="value"></string>
          <instance class="exe.engine.lom.lomsubs.intendedEndUserRoleValueSub">
           <dictionary>
            <string role="key" value="extensiontype_"></string>
            <none></none>
            <string role="key" value="source"></string>
            <none></none>
            <string role="key" value="uniqueElementName"></string>
            <string value="value"></string>
            <string role="key" value="value"></string>
            <none></none>
            <string role="key" value="valueOf_"></string>
            <string value="learner"></string>
           </dictionary>
          </instance>
         </dictionary>
        </instance>
       </list>
       <string role="key" value="interactivityLevel"></string>
       <none></none>
       <string role="key" value="interactivityType"></string>
       <none></none>
       <string role="key" value="language"></string>
       <list>
        <instance class="exe.engine.lom.lomsubs.LanguageIdSub">
         <dictionary>
          <string role="key" value="extensiontype_"></string>
          <none></none>
          <string role="key" value="valueOf_"></string>
          <string value="es"></string>
         </dictionary>
        </instance>
       </list>
       <string role="key" value="learningResourceType"></string>
       <list></list>
       <string role="key" value="semanticDensity"></string>
       <none></none>
       <string role="key" value="typicalAgeRange"></string>
       <list></list>
       <string role="key" value="typicalLearningTime"></string>
       <none></none>
      </dictionary>
     </instance>
    </list>
    <string role="key" value="general"></string>
    <instance class="exe.engine.lom.lomsubs.generalSub">
     <dictionary>
      <string role="key" value="aggregationLevel"></string>
      <instance class="exe.engine.lom.lomsubs.aggregationLevelSub">
       <dictionary>
        <string role="key" value="extensiontype_"></string>
        <none></none>
        <string role="key" value="source"></string>
        <instance class="exe.engine.lom.lomsubs.sourceValueSub">
         <dictionary>
          <string role="key" value="extensiontype_"></string>
          <none></none>
          <string role="key" value="string"></string>
          <list></list>
          <string role="key" value="uniqueElementName"></string>
          <string value="source"></string>
          <string role="key" value="valueOf_"></string>
          <string value="LOM-ESv1.0"></string>
         </dictionary>
        </instance>
        <string role="key" value="uniqueElementName"></string>
        <string value="aggregationLevel"></string>
        <string role="key" value="value"></string>
        <instance class="exe.engine.lom.lomsubs.aggregationLevelValueSub">
         <dictionary>
          <string role="key" value="extensiontype_"></string>
          <none></none>
          <string role="key" value="source"></string>
          <none></none>
          <string role="key" value="uniqueElementName"></string>
          <string value="value"></string>
          <string role="key" value="value"></string>
          <none></none>
          <string role="key" value="valueOf_"></string>
          <string value="2"></string>
         </dictionary>
        </instance>
       </dictionary>
      </instance>
      <string role="key" value="coverage"></string>
      <list></list>
      <string role="key" value="description"></string>
      <list>
       <instance class="exe.engine.lom.lomsubs.descriptionSub">
        <dictionary>
         <string role="key" value="extensiontype_"></string>
         <none></none>
         <string role="key" value="string"></string>
         <list>
          <instance class="exe.engine.lom.lomsubs.LangStringSub">
           <dictionary>
            <string role="key" value="language"></string>
            <string value="es"></string>
            <string role="key" value="valueOf_"></string>
            <string value="En este REA se abordar\xc3\xa1 el concepto de planificaci\xc3\xb3n urbana utilizando la plataforma Colouring Bogot\xc3\xa1. Est\xc3\xa1 dirigido a estudiantes y profesionales en Ingenier\xc3\xada Catastral y Geodesta, as\xc3\xad como a personas interesadas en el campo de Ordenamiento Territorial y Planificaci\xc3\xb3n Urbana."></string>
           </dictionary>
          </instance>
         </list>
        </dictionary>
       </instance>
      </list>
      <string role="key" value="identifier"></string>
      <list>
       <instance class="exe.engine.lom.lomsubs.identifierSub">
        <dictionary>
         <string role="key" value="catalog"></string>
         <instance class="exe.engine.lom.lomsubs.catalogSub">
          <dictionary>
           <string role="key" value="uniqueElementName"></string>
           <string value="catalog"></string>
           <string role="key" value="valueOf_"></string>
           <unicode value="My Catalog"></unicode>
          </dictionary>
         </instance>
         <string role="key" value="entry"></string>
         <instance class="exe.engine.lom.lomsubs.entrySub">
          <dictionary>
           <string role="key" value="uniqueElementName"></string>
           <string value="entry"></string>
           <string role="key" value="valueOf_"></string>
           <unicode value="4a7d755e-34a5-410a-a7d4-601881136623"></unicode>
          </dictionary>
         </instance>
        </dictionary>
       </instance>
      </list>
      <string role="key" value="keyword"></string>
      <list></list>
      <string role="key" value="language"></string>
      <list>
       <instance class="exe.engine.lom.lomsubs.LanguageIdSub">
        <dictionary>
         <string role="key" value="extensiontype_"></string>
         <none></none>
         <string role="key" value="valueOf_"></string>
         <string value="es"></string>
        </dictionary>
       </instance>
      </list>
      <string role="key" value="structure"></string>
      <none></none>
      <string role="key" value="title"></string>
      <instance class="exe.engine.lom.lomsubs.titleSub">
       <dictionary>
        <string role="key" value="extensiontype_"></string>
        <none></none>
        <string role="key" value="string"></string>
        <list>
         <instance class="exe.engine.lom.lomsubs.LangStringSub">
          <dictionary>
           <string role="key" value="language"></string>
           <string value="es"></string>
           <string role="key" value="valueOf_"></string>
           <string value="Concepto de planificaci\xc3\xb3n urbana utilizando la plataforma Colouring Bogota"></string>
          </dictionary>
         </instance>
        </list>
        <string role="key" value="uniqueElementName"></string>
        <none></none>
       </dictionary>
      </instance>
      <string role="key" value="uniqueElementName"></string>
      <string value="general"></string>
     </dictionary>
    </instance>
    <string role="key" value="lifeCycle"></string>
    <instance class="exe.engine.lom.lomsubs.lifeCycleSub">
     <dictionary>
      <string role="key" value="contribute"></string>
      <list>
       <instance class="exe.engine.lom.lomsubs.contributeSub">
        <dictionary>
         <string role="key" value="date"></string>
         <instance class="exe.engine.lom.lomsubs.dateSub">
          <dictionary>
           <string role="key" value="dateTime"></string>
           <instance class="exe.engine.lom.lomsubs.DateTimeValueSub">
            <dictionary>
             <string role="key" value="uniqueElementName"></string>
             <string value="dateTime"></string>
             <string role="key" value="valueOf_"></string>
             <string value="2024-03-11T19:32:15.00-05:00"></string>
            </dictionary>
           </instance>
           <string role="key" value="description"></string>
           <instance class="exe.engine.lom.lomsubs.LanguageStringSub">
            <dictionary>
             <string role="key" value="extensiontype_"></string>
             <none></none>
             <string role="key" value="string"></string>
             <list>
              <instance class="exe.engine.lom.lomsubs.LangStringSub">
               <dictionary>
                <string role="key" value="language"></string>
                <string value="es"></string>
                <string role="key" value="valueOf_"></string>
                <string value="Fecha de creaci\xc3\xb3n de los metadatos"></string>
               </dictionary>
              </instance>
             </list>
            </dictionary>
           </instance>
           <string role="key" value="extensiontype_"></string>
           <none></none>
           <string role="key" value="uniqueElementName"></string>
           <none></none>
           <string role="key" value="valueOf_"></string>
           <none></none>
          </dictionary>
         </instance>
         <string role="key" value="entity"></string>
         <list>
          <instance class="exe.engine.lom.lomsubs.entitySub">
           <dictionary>
            <string role="key" value="extensiontype_"></string>
            <none></none>
            <string role="key" value="valueOf_"></string>
            <string value="BEGIN:VCARD VERSION:3.0 FN:Ebliss Segovia EMAIL;TYPE=INTERNET: ORG: END:VCARD"></string>
           </dictionary>
          </instance>
         </list>
         <string role="key" value="role"></string>
         <instance class="exe.engine.lom.lomsubs.roleSub">
          <dictionary>
           <string role="key" value="extensiontype_"></string>
           <none></none>
           <string role="key" value="source"></string>
           <instance class="exe.engine.lom.lomsubs.sourceValueSub">
            <dictionary>
             <string role="key" value="extensiontype_"></string>
             <none></none>
             <string role="key" value="string"></string>
             <list></list>
             <string role="key" value="uniqueElementName"></string>
             <string value="source"></string>
             <string role="key" value="valueOf_"></string>
             <string value="LOM-ESv1.0"></string>
            </dictionary>
           </instance>
           <string role="key" value="uniqueElementName"></string>
           <string value="role"></string>
           <string role="key" value="value"></string>
           <instance class="exe.engine.lom.lomsubs.roleValueSub">
            <dictionary>
             <string role="key" value="extensiontype_"></string>
             <none></none>
             <string role="key" value="source"></string>
             <none></none>
             <string role="key" value="uniqueElementName"></string>
             <string value="value"></string>
             <string role="key" value="value"></string>
             <none></none>
             <string role="key" value="valueOf_"></string>
             <string value="author"></string>
            </dictionary>
           </instance>
          </dictionary>
         </instance>
        </dictionary>
       </instance>
      </list>
      <string role="key" value="status"></string>
      <none></none>
      <string role="key" value="uniqueElementName"></string>
      <none></none>
      <string role="key" value="version"></string>
      <none></none>
     </dictionary>
    </instance>
    <string role="key" value="metaMetadata"></string>
    <instance class="exe.engine.lom.lomsubs.metaMetadataSub">
     <dictionary>
      <string role="key" value="contribute"></string>
      <list>
       <instance class="exe.engine.lom.lomsubs.contributeMetaSub">
        <dictionary>
         <string role="key" value="date"></string>
         <instance class="exe.engine.lom.lomsubs.dateSub">
          <dictionary>
           <string role="key" value="dateTime"></string>
           <instance class="exe.engine.lom.lomsubs.DateTimeValueSub">
            <dictionary>
             <string role="key" value="uniqueElementName"></string>
             <string value="dateTime"></string>
             <string role="key" value="valueOf_"></string>
             <string value="2024-03-11T19:03:41.00-05:00"></string>
            </dictionary>
           </instance>
           <string role="key" value="description"></string>
           <instance class="exe.engine.lom.lomsubs.LanguageStringSub">
            <dictionary>
             <string role="key" value="extensiontype_"></string>
             <none></none>
             <string role="key" value="string"></string>
             <list>
              <instance class="exe.engine.lom.lomsubs.LangStringSub">
               <dictionary>
                <string role="key" value="language"></string>
                <string value="es"></string>
                <string role="key" value="valueOf_"></string>
                <string value="Fecha de creaci\xc3\xb3n de los metadatos"></string>
               </dictionary>
              </instance>
             </list>
            </dictionary>
           </instance>
           <string role="key" value="extensiontype_"></string>
           <none></none>
           <string role="key" value="uniqueElementName"></string>
           <none></none>
           <string role="key" value="valueOf_"></string>
           <none></none>
          </dictionary>
         </instance>
         <string role="key" value="entity"></string>
         <list>
          <instance class="exe.engine.lom.lomsubs.entitySub">
           <dictionary>
            <string role="key" value="extensiontype_"></string>
            <none></none>
            <string role="key" value="valueOf_"></string>
            <string value="BEGIN:VCARD VERSION:3.0 FN:Ebliss Segovia EMAIL;TYPE=INTERNET: ORG: END:VCARD"></string>
           </dictionary>
          </instance>
         </list>
         <string role="key" value="role"></string>
         <instance class="exe.engine.lom.lomsubs.roleSub">
          <dictionary>
           <string role="key" value="extensiontype_"></string>
           <none></none>
           <string role="key" value="source"></string>
           <instance class="exe.engine.lom.lomsubs.sourceValueSub">
            <dictionary>
             <string role="key" value="extensiontype_"></string>
             <none></none>
             <string role="key" value="string"></string>
             <list></list>
             <string role="key" value="uniqueElementName"></string>
             <string value="source"></string>
             <string role="key" value="valueOf_"></string>
             <string value="LOM-ESv1.0"></string>
            </dictionary>
           </instance>
           <string role="key" value="uniqueElementName"></string>
           <string value="role"></string>
           <string role="key" value="value"></string>
           <instance class="exe.engine.lom.lomsubs.roleValueSub">
            <dictionary>
             <string role="key" value="extensiontype_"></string>
             <none></none>
             <string role="key" value="source"></string>
             <none></none>
             <string role="key" value="uniqueElementName"></string>
             <string value="value"></string>
             <string role="key" value="value"></string>
             <none></none>
             <string role="key" value="valueOf_"></string>
             <string value="creator"></string>
            </dictionary>
           </instance>
          </dictionary>
         </instance>
        </dictionary>
       </instance>
      </list>
      <string role="key" value="identifier"></string>
      <list></list>
      <string role="key" value="language"></string>
      <instance class="exe.engine.lom.lomsubs.LanguageIdSub">
       <dictionary>
        <string role="key" value="extensiontype_"></string>
        <none></none>
        <string role="key" value="valueOf_"></string>
        <string value="es"></string>
       </dictionary>
      </instance>
      <string role="key" value="metadataSchema"></string>
      <list>
       <instance class="exe.engine.lom.lomsubs.metadataSchemaSub">
        <dictionary>
         <string role="key" value="valueOf_"></string>
         <string value="LOM-ESv1.0"></string>
        </dictionary>
       </instance>
      </list>
      <string role="key" value="uniqueElementName"></string>
      <string value="metaMetadata"></string>
     </dictionary>
    </instance>
    <string role="key" value="relation"></string>
    <list></list>
    <string role="key" value="rights"></string>
    <instance class="exe.engine.lom.lomsubs.rightsSub">
     <dictionary>
      <string role="key" value="access"></string>
      <instance class="exe.engine.lom.lomsubs.accessSub">
       <dictionary>
        <string role="key" value="accessType"></string>
        <instance class="exe.engine.lom.lomsubs.accessTypeSub">
         <dictionary>
          <string role="key" value="extensiontype_"></string>
          <none></none>
          <string role="key" value="source"></string>
          <instance class="exe.engine.lom.lomsubs.sourceValueSub">
           <dictionary>
            <string role="key" value="extensiontype_"></string>
            <none></none>
            <string role="key" value="string"></string>
            <list></list>
            <string role="key" value="uniqueElementName"></string>
            <string value="source"></string>
            <string role="key" value="valueOf_"></string>
            <string value="LOM-ESv1.0"></string>
           </dictionary>
          </instance>
          <string role="key" value="uniqueElementName"></string>
          <string value="accessType"></string>
          <string role="key" value="value"></string>
          <instance class="exe.engine.lom.lomsubs.accessTypeValueSub">
           <dictionary>
            <string role="key" value="extensiontype_"></string>
            <none></none>
            <string role="key" value="source"></string>
            <none></none>
            <string role="key" value="uniqueElementName"></string>
            <string value="value"></string>
            <string role="key" value="value"></string>
            <none></none>
            <string role="key" value="valueOf_"></string>
            <string value="universal"></string>
           </dictionary>
          </instance>
         </dictionary>
        </instance>
        <string role="key" value="description"></string>
        <instance class="exe.engine.lom.lomsubs.LanguageStringSub">
         <dictionary>
          <string role="key" value="extensiontype_"></string>
          <none></none>
          <string role="key" value="string"></string>
          <list>
           <instance class="exe.engine.lom.lomsubs.LangStringSub">
            <dictionary>
             <string role="key" value="language"></string>
             <string value="en"></string>
             <string role="key" value="valueOf_"></string>
             <unicode value="Default"></unicode>
            </dictionary>
           </instance>
          </list>
         </dictionary>
        </instance>
        <string role="key" value="uniqueElementName"></string>
        <string value="access"></string>
       </dictionary>
      </instance>
      <string role="key" value="copyrightAndOtherRestrictions"></string>
      <instance class="exe.engine.lom.lomsubs.copyrightAndOtherRestrictionsSub">
       <dictionary>
        <string role="key" value="extensiontype_"></string>
        <none></none>
        <string role="key" value="source"></string>
        <instance class="exe.engine.lom.lomsubs.sourceValueSub">
         <dictionary>
          <string role="key" value="extensiontype_"></string>
          <none></none>
          <string role="key" value="string"></string>
          <list></list>
          <string role="key" value="uniqueElementName"></string>
          <string value="source"></string>
          <string role="key" value="valueOf_"></string>
          <string value="LOM-ESv1.0"></string>
         </dictionary>
        </instance>
        <string role="key" value="uniqueElementName"></string>
        <string value="copyrightAndOtherRestrictions"></string>
        <string role="key" value="value"></string>
        <instance class="exe.engine.lom.lomsubs.copyrightAndOtherRestrictionsValueSub">
         <dictionary>
          <string role="key" value="extensiontype_"></string>
          <none></none>
          <string role="key" value="source"></string>
          <none></none>
          <string role="key" value="uniqueElementName"></string>
          <string value="value"></string>
          <string role="key" value="value"></string>
          <none></none>
          <string role="key" value="valueOf_"></string>
          <string value="creative commons: attribution - non commercial"></string>
         </dictionary>
        </instance>
       </dictionary>
      </instance>
      <string role="key" value="cost"></string>
      <none></none>
      <string role="key" value="description"></string>
      <none></none>
      <string role="key" value="uniqueElementName"></string>
      <string value="rights"></string>
     </dictionary>
    </instance>
    <string role="key" value="technical"></string>
    <none></none>
   </dictionary>
  </instance>
  <string role="key" value="mxmlforcemediaonly"></string>
  <bool value="0"></bool>
  <string role="key" value="mxmlheight"></string>
  <string value=""></string>
  <string role="key" value="mxmlprofilelist"></string>
  <string value=""></string>
  <string role="key" value="mxmlwidth"></string>
  <string value=""></string>
  <string role="key" value="release"></string>
  <string value="2.8.1"></string>
  <string role="key" value="resources"></string>
  <dictionary>
   <string role="key" value="0eb429543ca5bc930edf30704e7345d4"></string>
   <list>
    <reference key="6"></reference>
   </list>
   <string role="key" value="2f3ca5ee7ae92483dcd4dc78ab9217b4"></string>
   <list>
    <reference key="7"></reference>
   </list>
   <string role="key" value="42e2adc292d2c5891c3ec17680ef58ff"></string>
   <list>
    <reference key="8"></reference>
    <reference key="9"></reference>
    <reference key="10"></reference>
   </list>
   <string role="key" value="4969245f991368d1d533c977f5661233"></string>
   <list>
    <reference key="5"></reference>
   </list>
  </dictionary>
  <string role="key" value="root"></string>
  <reference key="11"></reference>
  <string role="key" value="scolinks"></string>
  <bool value="0"></bool>
  <string role="key" value="scowsinglepage"></string>
  <bool value="0"></bool>
  <string role="key" value="scowwebsite"></string>
  <bool value="0"></bool>
  <string role="key" value="style"></string>
  <unicode value="kids"></unicode>
  <string role="key" value="sugaractivityname"></string>
  <string value=""></string>
  <string role="key" value="sugarservicename"></string>
  <string value=""></string>
  <string role="key" value="tempFile"></string>
  <bool value="0"></bool>
 </dictionary>
</instance>